time,date,mu_high,eta_high,mu_low,eta_low,epsilon_low,epsilon_med,epsilon_high
1,1/24/20,30291,0,30291,0,0,0,0
2,1/25/20,43287,0,43287,0,0,0,0
3,1/26/20,35087,0,35087,0,0,0,0
4,1/27/20,17294,0,17294,0,0,0,0
5,1/28/20,16991,0,16991,0,0,0,0
6,1/29/20,16700,0,16700,0,0,0,0
7,1/30/20,18548,0,18548,0,0,0,0
8,1/31/20,24027,30291,24027,30291,0,0,0
9,2/1/20,37089,43287,37089,43287,0,0,0
10,2/2/20,29915,35087,29915,35087,0,0,0
11,2/3/20,19838,17294,19838,17294,0,0,0
12,2/4/20,16091,16991,16091,16991,0,0,0
13,2/5/20,18149,16700,18149,16700,0,0,0
14,2/6/20,21372,18548,21372,18548,0,0,0
15,2/7/20,24338,24027,24338,24027,0,0,0
16,2/8/20,37314,37089,37314,37089,0,0,0
17,2/9/20,30024,29915,30024,29915,0,0,0
18,2/10/20,20735,19838,20735,19838,0,0,0
19,2/11/20,17379,16091,17379,16091,0,0,0
20,2/12/20,18834,18149,18834,18149,0,0,0
21,2/13/20,28093,21372,28093,21372,0,0,0
22,2/14/20,46527,24338,46527,24338,0,0,0
23,2/15/20,59816,37314,59816,37314,0,0,0
24,2/16/20,60796,30024,60796,30024,0,0,0
25,2/17/20,49555,20735,49555,20735,0,0,0
26,2/18/20,32273,17379,32273,17379,0,0,0
27,2/19/20,26737,18834,26737,18834,0,0,0
28,2/20/20,30221,28093,30221,28093,0,0,0
29,2/21/20,39049,46527,39049,46527,0,0,0
30,2/22/20,47116,59816,47116,59816,0,0,0
31,2/23/20,37113,60796,37113,60796,0,0,0
32,2/24/20,25726,49555,25726,49555,0,0,0
33,2/25/20,21419,32273,21419,32273,0,0,0
34,2/26/20,24474,26737,24474,26737,0,0,0
35,2/27/20,25978,30221,25978,30221,0,0,0
36,2/28/20,34767,39049,34767,39049,0,0,0
37,2/29/20,40434,47116,40434,47116,0,0,0
38,3/1/20,34432,37113,34432,37113,0,0,0
39,3/2/20,21308,25726,21308,25726,0,0,0
40,3/3/20,20254,21419,20254,21419,0,0,0
41,3/4/20,19854,24474,19854,24474,0,0,0
42,3/5/20,24157,25978,24157,25978,0,0,0
43,3/6/20,33493,34767,33493,34767,0,0,0
44,3/7/20,48859,40434,48859,40434,0,0,0
45,3/8/20,51573,34432,51573,34432,0,0,0
46,3/9/20,45474,21308,45474,21308,0,0,0
47,3/10/20,47255,20254,47255,20254,0,0,0
48,3/11/20,48285,19854,48285,19854,0,0,0
49,3/12/20,44590,24157,44590,24157,0,0,0
50,3/13/20,44964,33493,44964,33493,0,0,0
51,3/14/20,51587,48859,51587,48859,0,0,0
52,3/15/20,38839,51573,38839,51573,0.000158421,0.000158421,0.000158421
53,3/16/20,23067,45474,23067,45474,0.00019041,0.00019041,0.00019041
54,3/17/20,14409,47255,14409,47255,0.000239764,0.000239764,0.000239764
55,3/18/20,10712,48285,10712,48285,0.000289423,0.000289423,0.000289423
56,3/19/20,7463,44590,7463,44590,0.00036254,0.00036254,0.00036254
57,3/20/20,7232,44964,7232,44964,0.000438704,0.000438704,0.000438704
58,3/21/20,6520,51587,6520,51587,0.00054838,0.00054838,0.00054838
59,3/22/20,6118,38839,6118,38839,0.000667196,0.000667196,0.000667196
60,3/23/20,6276,23067,6276,23067,0.00083171,0.00083171,0.00083171
61,3/24/20,6053,14409,6053,14409,0.001011457,0.001011457,0.001011457
62,3/25/20,6159,10712,6159,10712,0.001258228,0.001258228,0.001258228
63,3/26/20,5396,7463,5396,7463,0.001535464,0.001535464,0.001535464
64,3/27/20,5508,7232,5508,7232,0.001904097,0.001904097,0.001904097
65,3/28/20,5314,6520,5314,6520,0.002324522,0.002324522,0.002324522
66,3/29/20,4696,6118,4696,6118,0.002875949,0.002875949,0.002875949
67,3/30/20,4836,6276,4836,6276,0.003503539,0.003503539,0.003503539
68,3/31/20,4701,6053,4701,6053,0.004356575,0.004356575,0.004356575
69,4/1/20,4339,6159,4339,6159,0.004844024,0.004844024,0.004844024
70,4/2/20,4497,5396,4497,5396,0.005453335,0.005453335,0.005453335
71,4/3/20,4531,5508,4531,5508,0.005727525,0.005727525,0.005727525
72,4/4/20,4637,5314,4637,5314,0.006062646,0.006062646,0.006062646
73,4/5/20,4264,4696,4264,4696,0.006062646,0.006062646,0.006062646
74,4/6/20,4330,4836,4330,4836,0.00603218,0.00603218,0.00603218
75,4/7/20,3760,4701,3760,4701,0.005697059,0.005697059,0.005697059
76,4/8/20,4049,4339,4049,4339,0.005575197,0.005575197,0.005575197
77,4/9/20,4589,4497,4589,4497,0.005270541,0.005270541,0.005270541
78,4/10/20,4775,4531,4775,4531,0.005118214,0.005118214,0.005118214
79,4/11/20,4673,4637,4673,4637,0.004844024,0.004844024,0.004844024
80,4/12/20,3362,4264,3362,4264,0.004722161,0.004722161,0.004722161
81,4/13/20,4275,4330,4275,4330,0.004478437,0.004478437,0.004478437
82,4/14/20,4377,3760,4377,3760,0.004356575,0.004356575,0.004356575
83,4/15/20,4509,4049,4509,4049,0.004143316,0.004143316,0.004143316
84,4/16/20,4539,4589,4539,4589,0.004021454,0.004021454,0.004021454
85,4/17/20,5056,4775,5056,4775,0.00383866,0.00383866,0.00383866
86,4/18/20,4796,4673,4796,4673,0.003716798,0.003716798,0.003716798
87,4/19/20,4502,3362,4502,3362,0.003534005,0.003534005,0.003534005
88,4/20/20,4774,4275,4774,4275,0.003412142,0.003412142,0.003412142
89,4/21/20,5223,4377,5223,4377,0.003259815,0.003259815,0.003259815
90,4/22/20,5353,4509,5353,4509,0.003137952,0.003137952,0.003137952
91,4/23/20,5570,4539,5570,4539,0.003013044,0.003013044,0.003013044
92,4/24/20,5884,5056,5884,5056,0.002903368,0.002903368,0.002903368
93,4/25/20,5876,4796,5876,4796,0.002778459,0.002778459,0.002778459
94,4/26/20,5856,4502,5856,4502,0.002671829,0.002671829,0.002671829
95,4/27/20,5777,4774,5777,4774,0.002559107,0.002559107,0.002559107
96,4/28/20,5666,5223,5666,5223,0.002461617,0.002461617,0.002461617
97,4/29/20,5922,5353,5922,5353,0.002373267,0.002373267,0.002373267
98,4/30/20,6387,5570,6387,5570,0.002303196,0.002303196,0.002303196
99,5/1/20,6592,5884,6592,5884,0.002242265,0.002242265,0.002242265
100,5/2/20,6573,5876,6573,5876,0.002196567,0.002196567,0.002196567
101,5/3/20,5765,5856,5765,5856,0.002160008,0.002160008,0.002160008
102,5/4/20,5137,5777,5137,5777,0.002132589,0.002132589,0.002132589
103,5/5/20,5247,5666,5247,5666,0.002117356,0.002117356,0.002117356
104,5/6/20,5693,5922,5693,5922,0.002092984,0.002092984,0.002092984
105,5/7/20,6203,6387,6203,6387,0.002074704,0.002074704,0.002074704
106,5/8/20,7667,6592,7667,6592,0.002053379,0.002053379,0.002053379
107,5/9/20,8204,6573,8204,6573,0.002035099,0.002035099,0.002035099
108,5/10/20,6972,5765,6972,5765,0.002010727,0.002010727,0.002010727
109,5/11/20,5706,5137,5706,5137,0.001992447,0.001992447,0.001992447
110,5/12/20,6087,5247,6087,5247,0.001971122,0.001971122,0.001971122
111,5/13/20,6682,5693,6682,5693,0.001952842,0.001952842,0.001952842
112,5/14/20,6599,6203,6599,6203,0.001931516,0.001931516,0.001931516
113,5/15/20,8557,7667,8557,7667,0.001913237,0.001913237,0.001913237
114,5/16/20,10201,8204,10201,8204,0.001891911,0.001891911,0.001891911
115,5/17/20,9810,6972,9810,6972,0.001873632,0.001873632,0.001873632
116,5/18/20,7801,5706,7801,5706,0.001852306,0.001852306,0.001852306
117,5/19/20,7581,6087,7581,6087,0.001834027,0.001834027,0.001834027
118,5/20/20,8704,6682,8704,6682,0.001812701,0.001812701,0.001812701
119,5/21/20,10301,6599,10301,6599,0.001794421,0.001794421,0.001794421
120,5/22/20,15382,8557,15382,8557,0.001773095,0.001773095,0.001773095
121,5/23/20,18513,10201,18513,10201,0.001754816,0.001754816,0.001754816
122,5/24/20,14899,9810,14899,9810,0.00173349,0.00173349,0.00173349
123,5/25/20,14066,7801,14066,7801,0.001715211,0.001715211,0.001715211
124,5/26/20,10734,7581,10734,7581,0.001699978,0.001699978,0.001699978
125,5/27/20,10611,8704,10611,8704,0.001681699,0.001681699,0.001681699
126,5/28/20,12022,10301,12022,10301,0.001663419,0.001663419,0.001663419
127,5/29/20,16045,15382,16045,15382,0.001642094,0.001642094,0.001642094
128,5/30/20,17814,18513,17814,18513,0.001620768,0.001620768,0.001620768
129,5/31/20,15438,14899,15438,14899,0.001599442,0.001599442,0.001599442
130,6/1/20,12714,14066,12714,14066,0.001572023,0.001572023,0.001572023
131,6/2/20,12592,10734,12592,10734,0.00154765,0.00154765,0.00154765
132,6/3/20,13495,10611,13495,10611,0.001520231,0.001520231,0.001520231
133,6/4/20,15272,12022,15272,12022,0.001492812,0.001492812,0.001492812
134,6/5/20,20391,16045,20391,16045,0.00146844,0.00146844,0.00146844
135,6/6/20,24184,17814,24184,17814,0.001447114,0.001447114,0.001447114
136,6/7/20,24350,15438,24350,15438,0.001422742,0.001422742,0.001422742
137,6/8/20,18008,12714,18008,12714,0.001398369,0.001398369,0.001398369
138,6/9/20,16561,12592,16561,12592,0.001377043,0.001377043,0.001377043
139,6/10/20,16678,13495,16678,13495,0.001355717,0.001355717,0.001355717
140,6/11/20,18752,15272,18752,15272,0.001331345,0.001331345,0.001331345
141,6/12/20,27190,20391,27190,20391,0.001310019,0.001310019,0.001310019
142,6/13/20,32484,24184,32484,24184,0.001288693,0.001288693,0.001288693
143,6/14/20,29099,24350,29099,24350,0.001267367,0.001267367,0.001267367
144,6/15/20,21418,18008,21418,18008,0.001246041,0.001246041,0.001246041
145,6/16/20,22443,16561,22443,16561,0.001224715,0.001224715,0.001224715
146,6/17/20,23572,16678,23572,16678,0.001206436,0.001206436,0.001206436
147,6/18/20,23501,18752,23501,18752,0.00118511,0.00118511,0.00118511
148,6/19/20,28883,27190,28883,27190,0.001163784,0.001163784,0.001163784
149,6/20/20,34883,32484,34883,32484,0.001145505,0.001145505,0.001145505
150,6/21/20,32597,29099,32597,29099,0.001127226,0.001127226,0.001127226
151,6/22/20,25465,21418,25465,21418,0.0011059,0.0011059,0.0011059
152,6/23/20,25087,22443,25087,22443,0.00108762,0.00108762,0.00108762
153,6/24/20,25508,23572,25508,23572,0.001069341,0.001069341,0.001069341
154,6/25/20,28094,23501,28094,23501,0.001051062,0.001051062,0.001051062
155,6/26/20,33536,28883,33536,28883,0.001048015,0.001048015,0.001048015
156,6/27/20,39136,34883,39136,34883,0.001041922,0.001041922,0.001041922
157,6/28/20,39128,32597,39128,32597,0.001051062,0.001051062,0.001051062
158,6/29/20,33126,25465,33126,25465,0.001063248,0.001063248,0.001063248
159,6/30/20,32203,25087,32203,25087,0.001084574,0.001084574,0.001084574
160,7/1/20,35221,25508,35221,25508,0.001111993,0.001111993,0.001111993
161,7/2/20,44419,28094,44419,28094,0.001148552,0.001148552,0.001148552
162,7/3/20,55616,33536,55616,33536,0.001179017,0.001179017,0.001179017
163,7/4/20,58187,39136,58187,39136,0.001215576,0.001215576,0.001215576
164,7/5/20,54444,39128,54444,39128,0.001246041,0.001246041,0.001246041
165,7/6/20,41897,33126,41897,33126,0.001285647,0.001285647,0.001285647
166,7/7/20,39435,32203,39435,32203,0.001319159,0.001319159,0.001319159
167,7/8/20,40339,35221,40339,35221,0.00136181,0.00136181,0.00136181
168,7/9/20,39429,44419,39429,44419,0.001398369,0.001398369,0.001398369
169,7/10/20,45001,55616,45001,55616,0.001441021,0.001441021,0.001441021
170,7/11/20,50662,58187,50662,58187,0.00147758,0.00147758,0.00147758
171,7/12/20,48419,54444,48419,54444,0.001523278,0.001523278,0.001523278
172,7/13/20,40677,41897,40677,41897,0.001562883,0.001562883,0.001562883
173,7/14/20,39722,39435,39722,39435,0.001608581,0.001608581,0.001608581
174,7/15/20,39503,40339,39503,40339,0.00165428,0.00165428,0.00165428
175,7/16/20,41897,39429,41897,39429,0.001699978,0.001699978,0.001699978
176,7/17/20,46240,45001,46240,45001,0.001745676,0.001745676,0.001745676
177,7/18/20,52060,50662,52060,50662,0.001797468,0.001797468,0.001797468
178,7/19/20,50306,48419,50306,48419,0.001846213,0.001846213,0.001846213
179,7/20/20,43869,40677,43869,40677,0.001898004,0.001898004,0.001898004
180,7/21/20,41165,39722,41165,39722,0.001949796,0.001949796,0.001949796
181,7/22/20,41128,39503,41128,39503,0.002001587,0.002001587,0.002001587
182,7/23/20,43567,41897,43567,41897,0.002056425,0.002056425,0.002056425
183,7/24/20,49210,46240,49210,46240,0.002089937,0.002089937,0.002089937
184,7/25/20,50874,52060,50874,52060,0.002120403,0.002120403,0.002120403
185,7/26/20,49417,50306,49417,50306,0.002129542,0.002129542,0.002129542
186,7/27/20,42682,43869,42682,43869,0.002135636,0.002135636,0.002135636
187,7/28/20,40172,41165,40172,41165,0.002123449,0.002123449,0.002123449
188,7/29/20,40850,41128,40850,41128,0.00210517,0.00210517,0.00210517
189,7/30/20,42575,43567,42575,43567,0.002068611,0.002068611,0.002068611
190,7/31/20,48316,49210,48316,49210,0.002047285,0.002047285,0.002047285
191,8/1/20,50793,50874,50793,50874,0.002013773,0.002013773,0.002013773
192,8/2/20,44605,49417,44605,49417,0.001992447,0.001992447,0.001992447
193,8/3/20,18969,42682,18969,42682,0.001958935,0.001958935,0.001958935
194,8/4/20,18891,40172,18891,40172,0.001937609,0.001937609,0.001937609
195,8/5/20,20070,40850,20070,40850,0.001907144,0.001907144,0.001907144
196,8/6/20,20132,42575,20132,42575,0.001882771,0.001882771,0.001882771
197,8/7/20,22158,48316,22158,48316,0.001855352,0.001855352,0.001855352
198,8/8/20,23514,50793,23514,50793,0.00183098,0.00183098,0.00183098
199,8/9/20,21753,44605,21753,44605,0.001803561,0.001803561,0.001803561
200,8/10/20,16328,18969,16328,18969,0.001779189,0.001779189,0.001779189
201,8/11/20,14776,18891,14776,18891,0.00175177,0.00175177,0.00175177
202,8/12/20,15065,20070,15065,20070,0.001730444,0.001730444,0.001730444
203,8/13/20,14993,20132,14993,20132,0.001700444,0.001700444,0.001700444
204,8/14/20,16553,22158,16553,22158,0.001681699,0.001681699,0.001681699
205,8/15/20,16816,23514,16816,23514,0.00165428,0.00165428,0.00165428
206,8/16/20,14041,21753,14041,21753,0.001632954,0.001632954,0.001632954
207,8/17/20,10396,16328,10396,16328,0.001608581,0.001608581,0.001608581
208,8/18/20,9892,14776,9892,14776,0.001587256,0.001587256,0.001587256
209,8/19/20,10252,15065,10252,15065,0.001582883,0.001582883,0.001582883
210,8/20/20,10247,14993,10247,14993,0.001544604,0.001544604,0.001544604
211,8/21/20,11799,16553,11799,16553,0.001523278,0.001523278,0.001523278
212,8/22/20,12913,16816,12913,16816,0.001504999,0.001504999,0.001504999
213,8/23/20,11487,14041,11487,14041,0.001486719,0.001486719,0.001486719
214,8/24/20,8791,10396,8791,10396,0.001474533,0.001474533,0.001474533
215,8/25/20,8353,9892,8353,9892,0.001465393,0.001465393,0.001465393
216,8/26/20,8216,10252,8216,10252,0.001456254,0.001456254,0.001456254
217,8/27/20,9057,10247,9057,10247,0.001450161,0.001450161,0.001450161
218,8/28/20,11164,11799,11164,11799,0.001447114,0.001447114,0.001447114
219,8/29/20,13729,12913,13729,12913,0.001437974,0.001437974,0.001437974
220,8/30/20,13174,11487,13174,11487,0.001431881,0.001431881,0.001431881
221,8/31/20,9255,8791,9255,8791,0.001425788,0.001425788,0.001425788
222,9/1/20,8129,8353,8129,8353,0.001419695,0.001419695,0.001419695
223,9/2/20,8287,8216,8287,8216,0.001413602,0.001413602,0.001413602
224,9/3/20,9732,9057,9732,9057,0.001407509,0.001407509,0.001407509
225,9/4/20,16113,11164,16113,11164,0.001401416,0.001401416,0.001401416
226,9/5/20,22537,13729,22537,13729,0.001398369,0.001398369,0.001398369
227,9/6/20,23347,13174,23347,13174,0.001392276,0.001392276,0.001392276
228,9/7/20,16586,9255,16586,9255,0.001389229,0.001389229,0.001389229
229,9/8/20,7208,8129,7208,8129,0.001383136,0.001383136,0.001383136
230,9/9/20,7426,8287,7426,8287,0.001377043,0.001377043,0.001377043
231,9/10/20,8255,9732,8255,9732,0.00137095,0.00137095,0.00137095
232,9/11/20,11530,16113,11530,16113,0.001367904,0.001367904,0.001367904
233,9/12/20,13997,22537,13997,22537,0.00136181,0.00136181,0.00136181
234,9/13/20,12604,23347,12604,23347,0.001355717,0.001355717,0.001355717
235,9/14/20,9486,16586,9486,16586,0.001349624,0.001349624,0.001349624
236,9/15/20,8664,7208,8664,7208,0.001346578,0.001346578,0.001346578
237,9/16/20,8983,7426,8983,7426,0.001340485,0.001340485,0.001340485
238,9/17/20,10447,8255,10447,8255,0.001334391,0.001334391,0.001334391
239,9/18/20,14589,11530,14589,11530,0.001328298,0.001328298,0.001328298
240,9/19/20,16512,13997,16512,13997,0.001325252,0.001325252,0.001325252
241,9/20/20,15277,12604,15277,12604,0.001322205,0.001322205,0.001322205
242,9/21/20,10950,9486,10950,9486,0.001322205,0.001322205,0.001322205
243,9/22/20,8928,8664,8928,8664,0.001322205,0.001322205,0.001322205
244,9/23/20,9464,8983,9464,8983,0.001325252,0.001325252,0.001325252
245,9/24/20,10705,10447,10705,10447,0.001328298,0.001328298,0.001328298
246,9/25/20,14432,14589,14432,14589,0.001334391,0.001334391,0.001334391
247,9/26/20,17914,16512,17914,16512,0.001335438,0.001335438,0.001335438
248,9/27/20,14733,15277,14733,15277,0.001340485,0.001340485,0.001340485
249,9/28/20,9659,10950,9659,10950,0.001343531,0.001343531,0.001343531
250,9/29/20,8314,8928,8314,8928,0.001349624,0.001349624,0.001349624
251,9/30/20,8223,9464,8223,9464,0.001352671,0.001352671,0.001352671
252,10/1/20,9493,10705,9493,10705,0.001355717,0.001355717,0.001355717
253,10/2/20,11834,14432,11834,14432,0.001358764,0.001358764,0.001358764
254,10/3/20,16024,17914,16024,17914,0.001364857,0.001364857,0.001364857
255,10/4/20,13743,14733,13743,14733,0.001367904,0.001367904,0.001367904
256,10/5/20,8302,9659,8302,9659,0.00137095,0.00137095,0.00137095
257,10/6/20,8107,8314,8107,8314,0.001373997,0.001373997,0.001373997
258,10/7/20,7855,8223,7855,8223,0.001377043,0.001377043,0.001377043
259,10/8/20,9057,9493,9057,9493,0.00138009,0.00138009,0.00138009
260,10/9/20,12445,11834,12445,11834,0.001383136,0.001383136,0.001383136
261,10/10/20,15295,16024,15295,16024,0.001386183,0.001386183,0.001386183
262,10/11/20,13019,13743,13019,13743,0.001389229,0.001389229,0.001389229
263,10/12/20,10836,8302,10836,8302,0.001392276,0.001392276,0.001392276
264,10/13/20,9573,8107,9573,8107,0.001395323,0.001395323,0.001395323
265,10/14/20,9919,7855,9919,7855,0.001398369,0.001398369,0.001398369
266,10/15/20,11518,9057,11518,9057,0.001401416,0.001401416,0.001401416
267,10/16/20,14054,12445,14054,12445,0.001404462,0.001404462,0.001404462
268,10/17/20,14811,15295,14811,15295,0.001407509,0.001407509,0.001407509
269,10/18/20,11659,13019,11659,13019,0.001419695,0.001419695,0.001419695
270,10/19/20,7685,10836,7685,10836,0.001434928,0.001434928,0.001434928
271,10/20/20,6436,9573,6436,9573,0.001402347,0.001402347,0.001402347
272,10/21/20,6583,9919,6583,9919,0.001489766,0.001489766,0.001489766
273,10/22/20,7788,11518,7788,11518,0.001526324,0.001526324,0.001526324
274,10/23/20,10744,14054,10744,14054,0.001568976,0.001568976,0.001568976
275,10/24/20,11456,14811,11456,14811,0.001620768,0.001620768,0.001620768
276,10/25/20,8167,11659,8167,11659,0.001666466,0.001666466,0.001666466
277,10/26/20,6357,7685,6357,7685,0.001721304,0.001721304,0.001721304
278,10/27/20,6182,6436,6182,6436,0.001770049,0.001770049,0.001770049
279,10/28/20,5838,6583,5838,6583,0.001824887,0.001824887,0.001824887
280,10/29/20,5734,7788,5734,7788,0.001876678,0.001876678,0.001876678
281,10/30/20,7056,10744,7056,10744,0.001934563,0.001934563,0.001934563
282,10/31/20,7421,11456,7421,11456,0.001992447,0.001992447,0.001992447
283,11/1/20,5876,8167,5876,8167,0.002053379,0.002053379,0.002053379
284,11/2/20,4728,6357,4728,6357,0.002111263,0.002111263,0.002111263
285,11/3/20,4334,6182,4334,6182,0.002175241,0.002175241,0.002175241
286,11/4/20,4910,5838,4910,5838,0.002236172,0.002236172,0.002236172
287,11/5/20,5964,5734,5964,5734,0.002303196,0.002303196,0.002303196
288,11/6/20,8567,7056,8567,7056,0.002367174,0.002367174,0.002367174
289,11/7/20,9617,7421,9617,7421,0.002537245,0.002537245,0.002537245
290,11/8/20,7994,5876,7994,5876,0.002507315,0.002507315,0.002507315
291,11/9/20,5770,4728,5770,4728,0.002577386,0.002577386,0.002577386
292,11/10/20,5239,4334,5239,4334,0.002650503,0.002650503,0.002650503
293,11/11/20,5528,4910,5528,4910,0.002726667,0.002726667,0.002726667
294,11/12/20,5699,5964,5699,5964,0.002802831,0.002802831,0.002802831
295,11/13/20,7433,8567,7433,8567,0.002882042,0.002882042,0.002882042
296,11/14/20,7258,9617,7258,9617,0.002961252,0.002961252,0.002961252
297,11/15/20,6970,7994,6970,7994,0.003043509,0.003043509,0.003043509
298,11/16/20,20039,5770,20039,5770,0.003107487,0.003107487,0.003107487
299,11/17/20,15684,5239,15684,5239,0.003198884,0.003198884,0.003198884
300,11/18/20,9131,5528,9131,5528,0.003259815,0.003259815,0.003259815
301,11/19/20,8775,5699,8775,5699,0.003320746,0.003320746,0.003320746
302,11/20/20,8724,7433,8724,7433,0.003381677,0.003381677,0.003381677
303,11/21/20,9107,7258,9107,7258,0.003442608,0.003442608,0.003442608
304,11/22/20,14385,6970,14385,6970,0.003503539,0.003503539,0.003503539
305,11/23/20,25777,20039,25777,20039,0.00356447,0.00356447,0.00356447
306,11/24/20,28335,15684,28335,15684,0.003594936,0.003594936,0.003594936
307,11/25/20,29608,9131,29608,9131,0.003655867,0.003655867,0.003655867
308,11/26/20,26395,8775,26395,8775,0.003716798,0.003716798,0.003716798
309,11/27/20,40160,8724,40160,8724,0.003777729,0.003777729,0.003777729
310,11/28/20,38785,9107,38785,9107,0.00383866,0.00383866,0.00383866
311,11/29/20,42639,14385,42639,14385,0.003899591,0.003899591,0.003899591
312,11/30/20,35148,25777,35148,25777,0.003930057,0.003930057,0.003930057
313,12/1/20,22460,28335,22460,28335,0.003990988,0.003990988,0.003990988
314,12/2/20,10081,29608,10081,29608,0.004051919,0.004051919,0.004051919
315,12/3/20,9328,26395,9328,26395,0.00411285,0.00411285,0.00411285
316,12/4/20,9425,40160,4713,40160,0.004173781,0.006260672,0.008347562
317,12/5/20,11481,38785,5741,38785,0.004204247,0.006306371,0.008408494
318,12/6/20,18359,42639,9180,42639,0.004265178,0.006397767,0.008530356
319,12/7/20,25140,35148,12570,35148,0.004326109,0.006489164,0.008652218
320,12/8/20,19697,22460,9849,22460,0.004356575,0.006534863,0.00871315
321,12/9/20,12556,10081,6278,10081,0.004417506,0.006626259,0.008835012
322,12/10/20,12262,9328,6131,9328,0.004478437,0.006717656,0.008956874
323,12/11/20,13104,9425,6552,4713,0.004539368,0.006809052,0.009078736
324,12/12/20,15413,11481,7707,5741,0.004569834,0.006854751,0.009139668
325,12/13/20,21676,18359,10838,9180,0.004630765,0.006946148,0.00926153
326,12/14/20,27654,25140,13827,12570,0.004691696,0.007037544,0.009383392
327,12/15/20,27082,19697,13541,9849,0.004752627,0.007128941,0.009505254
328,12/16/20,20248,12556,10124,6278,0.004783092,0.007174638,0.009566184
329,12/17/20,19399,12262,9700,6131,0.004844024,0.007266036,0.009688048
330,12/18/20,20482,13104,10241,6552,0.004904955,0.007357433,0.00980991
331,12/19/20,26292,15413,13146,7707,0.00493542,0.00740313,0.00987084
332,12/20/20,37516,21676,18758,10838,0.004996357,0.007494536,0.009992714
333,12/21/20,54644,27654,27322,13827,0.005026817,0.007540226,0.010053634
334,12/22/20,63567,27082,31784,13541,0.005057283,0.007585925,0.010114566
335,12/23/20,68076,20248,34038,10124,0.005087748,0.007631622,0.010175496
336,12/24/20,68018,19399,34009,9700,0.005118214,0.007677321,0.010236428
337,12/25/20,64742,20482,32371,10241,0.005118214,0.007677321,0.010236428
338,12/26/20,88000,26292,44000,13146,0.005118214,0.007677321,0.010236428
339,12/27/20,94626,37516,47313,18758,0.005118214,0.007677321,0.010236428
340,12/28/20,98339,54644,49170,27322,0.005087748,0.007631622,0.010175496
341,12/29/20,101149,63567,50575,31784,0.005087748,0.007631622,0.010175496
342,12/30/20,93568,68076,46784,34038,0.005087748,0.007631622,0.010175496
343,12/31/20,82511,68018,41256,34009,0.005057283,0.007585925,0.010114566
344,1/1/21,85631,64742,42816,32371,0.005057283,0.007585925,0.010114566
345,1/2/21,76593,88000,38297,44000,0.005026817,0.007540226,0.010053634
346,1/3/21,71540,94626,35770,47313,0.005026817,0.007540226,0.010053634
347,1/4/21,66496,98339,33248,49170,0.004996351,0.007494527,0.009992702
348,1/5/21,62314,101149,31157,50575,0.004965886,0.007448829,0.009931772
349,1/6/21,43924,93568,21962,46784,0.004965886,0.007448829,0.009931772
350,1/7/21,27439,82511,13720,41256,0.00493542,0.00740313,0.00987084
351,1/8/21,25081,85631,12541,42816,0.004904955,0.007357433,0.00980991
352,1/9/21,24383,76593,12192,38297,0.004874489,0.007311734,0.009748978
353,1/10/21,25989,71540,12995,35770,0.004844024,0.007266036,0.009688048
354,1/11/21,31511,66496,15756,33248,0.004813558,0.007220337,0.009627116
355,1/12/21,39889,62314,19945,31157,0.004813558,0.007220337,0.009627116
356,1/13/21,33512,43924,16756,21962,0.004813558,0.007220337,0.009627116
357,1/14/21,19520,27439,9760,13720,0.004844024,0.007266036,0.009688048
358,1/15/21,17536,25081,8768,12541,0.004874489,0.007311734,0.009748978
359,1/16/21,17241,24383,8621,12192,0.004904955,0.007357433,0.00980991
360,1/17/21,24562,25989,12281,12995,0.004965886,0.007448829,0.009931772
361,1/18/21,37236,31511,18618,15756,0.005026817,0.007540226,0.010053634
362,1/19/21,54116,39889,27058,19945,0.005057283,0.007585925,0.010114566
363,1/20/21,52141,33512,26071,16756,0.005118214,0.007677321,0.010236428
364,1/21/21,36709,19520,18355,9760,0.005179145,0.007768718,0.01035829
365,1/22/21,20471,17536,10236,8768,0.005240076,0.007860114,0.010480152
366,1/23/21,19096,17241,9548,8621,0.005270541,0.007905812,0.010541082
367,1/24/21,24546,24562,12273,12281,0.005331473,0.00799721,0.010662946
368,1/25/21,38439,37236,19220,18618,0.005392404,0.008088606,0.010784808
369,1/26/21,54683,54116,27342,27058,0.005453335,0.008180003,0.01090667
370,1/27/21,45594,52141,22797,26071,0.0054838,0.0082257,0.0109676
371,1/28/21,21658,36709,10829,18355,0.005544731,0.008317097,0.011089462
372,1/29/21,18235,20471,9118,10236,0.005575197,0.008362796,0.011150394
373,1/30/21,18866,19096,9433,9548,0.005636128,0.008454192,0.011272256
374,1/31/21,20937,24546,10469,12273,0.005666594,0.008499891,0.011333188
375,2/1/21,31672,38439,15836,19220,0.005697059,0.008545589,0.011394118
376,2/2/21,43523,54683,21762,27342,0.00575799,0.008636985,0.01151598
377,2/3/21,35594,45594,17797,22797,0.005788456,0.008682684,0.011576912
378,2/4/21,22310,21658,11155,10829,0.005818921,0.008728382,0.011637842
379,2/5/21,19223,18235,9612,9118,0.005849387,0.008774081,0.011698774
380,2/6/21,19641,18866,9821,9433,0.005879853,0.00881978,0.011759706
381,2/7/21,25477,20937,12739,10469,0.005940784,0.008911176,0.011881568
382,2/8/21,37082,31672,18541,15836,0.005971249,0.008956874,0.011942498
383,2/9/21,48320,43523,24160,21762,0.005971249,0.008956874,0.011942498
384,2/10/21,40528,35594,20264,17797,0.006001715,0.009002573,0.01200343
385,2/11/21,22445,22310,11223,11155,0.00603218,0.00904827,0.01206436
386,2/12/21,19376,19223,9688,9612,0.006062646,0.009093969,0.012125292
387,2/13/21,21034,19641,10517,9821,0.006062646,0.009093969,0.012125292
388,2/14/21,31191,25477,15596,12739,0.006093111,0.009139667,0.012186222
389,2/15/21,51732,37082,25866,18541,0.006093111,0.009139667,0.012186222
390,2/16/21,63592,48320,31796,24160,0.006123577,0.009185366,0.012247154
391,2/17/21,61902,40528,30951,20264,0.006123577,0.009185366,0.012247154
392,2/18/21,46847,22445,23424,11223,0.006123577,0.009185366,0.012247154
393,2/19/21,30826,19376,15413,9688,0.006154043,0.009231065,0.012308086
394,2/20/21,29022,21034,14511,10517,0.006154043,0.009231065,0.012308086
395,2/21/21,32639,31191,16320,15596,0.006154043,0.009231065,0.012308086
396,2/22/21,41802,51732,20901,25866,0.006154043,0.009231065,0.012308086
397,2/23/21,49425,63592,24713,31796,0.006154043,0.009231065,0.012308086
398,2/24/21,40999,61902,20500,30951,0.006154043,0.009231065,0.012308086
399,2/25/21,24539,46847,12270,23424,0.006154043,0.009231065,0.012308086
400,2/26/21,20785,30826,10393,15413,0.006154043,0.009231065,0.012308086
401,2/27/21,22140,29022,11070,14511,0.006154043,0.009231065,0.012308086
402,2/28/21,26397,32639,13199,16320,0.006154043,0.009231065,0.012308086
403,3/1/21,38553,41802,19277,20901,0.006123577,0.009185366,0.012247154
404,3/2/21,47795,49425,23898,24713,0.006123577,0.009185366,0.012247154
405,3/3/21,46393,40999,23197,20500,0.006123577,0.009185366,0.012247154
406,3/4/21,33759,24539,16880,12270,0.006093111,0.009139667,0.012186222
407,3/5/21,27968,20785,13984,10393,0.006062646,0.009093969,0.012125292
408,3/6/21,28178,22140,14089,11070,0.006062646,0.009093969,0.012125292
409,3/7/21,30168,26397,15084,13199,0.00603218,0.00904827,0.01206436
410,3/8/21,42103,38553,21052,19277,0.006001715,0.009002573,0.01200343
411,3/9/21,62051,47795,31026,23898,0.005971249,0.008956874,0.011942498
412,3/10/21,64752,46393,32376,23197,0.005940784,0.008911176,0.011881568
413,3/11/21,58849,33759,29425,16880,0.005940784,0.008911176,0.011881568
414,3/12/21,60501,27968,30251,13984,0.005910318,0.008865477,0.011820636
415,3/13/21,50902,28178,25451,14089,0.005849387,0.008774081,0.011698774
416,3/14/21,55468,30168,27734,15084,0.005818921,0.008728382,0.011637842
417,3/15/21,57816,42103,28908,21052,0.005788456,0.008682684,0.011576912
418,3/16/21,65527,62051,32764,31026,0.00575799,0.008636985,0.01151598
419,3/17/21,64713,64752,32357,32376,0.005727525,0.008591288,0.01145505
420,3/18/21,56951,58849,28476,29425,0.005666594,0.008499891,0.011333188
421,3/19/21,56390,60501,28195,30251,0.005636128,0.008454192,0.011272256
422,3/20/21,55958,50902,27979,25451,0.005605663,0.008408495,0.011211326
423,3/21/21,53302,55468,26651,27734,0.005544731,0.008317097,0.011089462
424,3/22/21,54115,57816,27058,28908,0.005514266,0.008271399,0.011028532
425,3/23/21,57279,65527,28640,32764,0.005453335,0.008180003,0.01090667
426,3/24/21,50161,64713,25081,32357,0.005422869,0.008134304,0.010845738
427,3/25/21,42680,56951,21340,28476,0.005361938,0.008042907,0.010723876
428,3/26/21,41160,56390,20580,28195,0.005301007,0.007951511,0.010602014
429,3/27/21,42808,55958,21404,27979,0.005270541,0.007905812,0.010541082
430,3/28/21,42574,53302,21287,26651,0.00520961,0.007814415,0.01041922
431,3/29/21,44684,54115,22342,27058,0.005148679,0.007723019,0.010297358
432,3/30/21,43872,57279,21936,28640,0.005087748,0.007631622,0.010175496
433,3/31/21,30453,50161,15227,25081,0.005057283,0.007585925,0.010114566
434,4/1/21,19160,42680,9580,21340,0.004996351,0.007494527,0.009992702
435,4/2/21,17851,41160,8926,20580,0.00493542,0.00740313,0.00987084
436,4/3/21,17810,42808,8905,21404,0.004874489,0.007311734,0.009748978
437,4/4/21,19427,42574,9714,21287,0.004813558,0.007220337,0.009627116
438,4/5/21,23932,44684,11966,22342,0.004752627,0.007128941,0.009505254
439,4/6/21,27330,43872,13665,21936,0.004691696,0.007037544,0.009383392
440,4/7/21,21759,30453,10880,15227,0.004630765,0.006946148,0.00926153
441,4/8/21,11915,19160,5958,9580,0.004600299,0.006900449,0.009200598
442,4/9/21,10668,17851,5334,8926,0.004539368,0.006809052,0.009078736
443,4/10/21,10545,17810,5273,8905,0.004478437,0.006717656,0.008956874
444,4/11/21,0,19427,0,9714,0.004417506,0.006626259,0.008835012
445,4/12/21,0,23932,0,11966,0.004356575,0.006534863,0.00871315
446,4/13/21,0,27330,0,13665,0.004295644,0.006443466,0.008591288
447,4/14/21,0,21759,0,10880,0.004234712,0.006352068,0.008469424
448,4/15/21,0,11915,0,5958,0.004173781,0.006260672,0.008347562
449,4/16/21,0,10668,0,5334,0.00411285,0.006169275,0.0082257
450,4/17/21,0,10545,0,5273,0.004051919,0.006077879,0.008103838